{
    "type": "FeatureCollection",
    "id": "rural_road_center_of_driving_lane_cw",
    "features": [
        {
            "type": "Feature",
            "id": "Origin",
            "geometry": {
                "type": "Point",
                "coordinates": [
                    12.763825093586895,
                    57.78361108438431
                ]
            }
        },
        {
            "type": "Feature",
            "id": "PathSection",
            "geometry": {
                "type": "LineString",
                "coordinates": [
                    [
                        12.763825093586895,
                        57.78361108438431
                    ],
                    [
                        12.763869604990875,
                        57.78357295286575
                    ],
                    [
                        12.76391326219355,
                        57.78353454115728
                    ],
                    [
                        12.763957426455423,
                        57.783496295831064
                    ],
                    [
                        12.764001406854304,
                        57.783457990144235
                    ],
                    [
                        12.76404561722036,
                        57.783419759991816
                    ],
                    [
                        12.764089460317054,
                        57.78338140921858
                    ],
                    [
                        12.764133490705342,
                        57.7833431185619
                    ],
                    [
                        12.7641775697746,
                        57.78330484154378
                    ],
                    [
                        12.764221557741665,
                        57.78326653501719
                    ],
                    [
                        12.764265534513587,
                        57.78322822522374
                    ],
                    [
                        12.764309541579657,
                        57.783189925821006
                    ],
                    [
                        12.764353645584041,
                        57.78315165876879
                    ],
                    [
                        12.764397479995528,
                        57.783113303543985
                    ],
                    [
                        12.764441565953646,
                        57.783075031975656
                    ],
                    [
                        12.764485805076967,
                        57.78303681170221
                    ],
                    [
                        12.764529899891183,
                        57.7829985447664
                    ],
                    [
                        12.764574105643865,
                        57.78296031519215
                    ],
                    [
                        12.764618278450682,
                        57.78292207559071
                    ],
                    [
                        12.764662265333069,
                        57.78288377565136
                    ],
                    [
                        12.76470659250614,
                        57.78284558837803
                    ],
                    [
                        12.764750786794815,
                        57.782807358131336
                    ],
                    [
                        12.764794930780436,
                        57.78276911187658
                    ],
                    [
                        12.764839003585056,
                        57.78273084131617
                    ],
                    [
                        12.764882826978493,
                        57.78269248779769
                    ],
                    [
                        12.764926829320043,
                        57.78265419173216
                    ],
                    [
                        12.764970777491547,
                        57.78261587676199
                    ],
                    [
                        12.765014544920438,
                        57.78257750148958
                    ],
                    [
                        12.76505869619121,
                        57.78253925079246
                    ],
                    [
                        12.76510265604523,
                        57.78250093636566
                    ],
                    [
                        12.76514663529317,
                        57.78246262726265
                    ],
                    [
                        12.765190567193452,
                        57.78242430162654
                    ],
                    [
                        12.765234953073085,
                        57.78238612399818
                    ],
                    [
                        12.765279130996792,
                        57.78234787731711
                    ],
                    [
                        12.765323240209106,
                        57.782309607189326
                    ],
                    [
                        12.765367181758913,
                        57.782271281668145
                    ],
                    [
                        12.76541135327786,
                        57.78223303583056
                    ],
                    [
                        12.765455533138415,
                        57.78219479727294
                    ],
                    [
                        12.765499488426926,
                        57.78215648914894
                    ],
                    [
                        12.765543357603068,
                        57.78211815720217
                    ],
                    [
                        12.765587460850032,
                        57.78207990670966
                    ],
                    [
                        12.76563162443135,
                        57.78204168001723
                    ],
                    [
                        12.765675693555089,
                        57.78200342593981
                    ],
                    [
                        12.765719367234452,
                        57.781965046308294
                    ],
                    [
                        12.76576305784547,
                        57.78192667542468
                    ],
                    [
                        12.765806691928555,
                        57.78188828857738
                    ],
                    [
                        12.765849927629043,
                        57.78184977946514
                    ],
                    [
                        12.76589284717455,
                        57.78181118003626
                    ],
                    [
                        12.76593558062845,
                        57.78177253375103
                    ],
                    [
                        12.76597807242795,
                        57.781733823975145
                    ],
                    [
                        12.766020148451531,
                        57.78169499748817
                    ],
                    [
                        12.766061598484786,
                        57.78165599211569
                    ],
                    [
                        12.76610235965459,
                        57.781616792430555
                    ],
                    [
                        12.766142501147124,
                        57.78157742182691
                    ],
                    [
                        12.766182152652627,
                        57.78153791816231
                    ],
                    [
                        12.766221289718745,
                        57.78149827078914
                    ],
                    [
                        12.766259634456386,
                        57.781458401906285
                    ],
                    [
                        12.766297114553286,
                        57.781418300970635
                    ],
                    [
                        12.766333876604898,
                        57.78137801499578
                    ],
                    [
                        12.766369881371237,
                        57.7813375397649
                    ],
                    [
                        12.766404962626426,
                        57.781296840590706
                    ],
                    [
                        12.766438908886364,
                        57.781255876191885
                    ],
                    [
                        12.76647209519634,
                        57.781214743741664
                    ],
                    [
                        12.766504270808223,
                        57.78117339115735
                    ],
                    [
                        12.76653515522517,
                        57.78113176687818
                    ],
                    [
                        12.7665651168051,
                        57.78108995914094
                    ],
                    [
                        12.76659452905811,
                        57.781048042600176
                    ],
                    [
                        12.76662303466407,
                        57.78100594278374
                    ],
                    [
                        12.76665024168174,
                        57.780963594255525
                    ],
                    [
                        12.766676562373124,
                        57.780921081965374
                    ],
                    [
                        12.766701500147164,
                        57.78087832897636
                    ],
                    [
                        12.766725501947475,
                        57.78083542135327
                    ],
                    [
                        12.766748616577708,
                        57.780792372384006
                    ],
                    [
                        12.766770627169464,
                        57.78074915621179
                    ],
                    [
                        12.766792218321442,
                        57.78070587543127
                    ],
                    [
                        12.766812678531815,
                        57.78066243410807
                    ],
                    [
                        12.766831805480573,
                        57.78061881826662
                    ],
                    [
                        12.766850110762883,
                        57.780575101519375
                    ],
                    [
                        12.766866876596534,
                        57.780531210948666
                    ],
                    [
                        12.766882255437997,
                        57.78048717980774
                    ],
                    [
                        12.766897532490232,
                        57.78044314379541
                    ],
                    [
                        12.766911801745945,
                        57.78039901166852
                    ],
                    [
                        12.766924895472545,
                        57.78035477630366
                    ],
                    [
                        12.766937033961506,
                        57.78031046374898
                    ],
                    [
                        12.766947918686702,
                        57.78026605900944
                    ],
                    [
                        12.766957566303567,
                        57.780221574136
                    ],
                    [
                        12.766966540159679,
                        57.78017705005956
                    ],
                    [
                        12.766974519915616,
                        57.78013247087012
                    ],
                    [
                        12.766981697152248,
                        57.780087850737395
                    ],
                    [
                        12.766987334225957,
                        57.780043167309096
                    ],
                    [
                        12.766992329911035,
                        57.77999841528871
                    ],
                    [
                        12.7669961728862,
                        57.77995352438256
                    ],
                    [
                        12.766998499740245,
                        57.779908604183305
                    ],
                    [
                        12.76700017434802,
                        57.77986375513407
                    ],
                    [
                        12.767000490875628,
                        57.7798189725322
                    ],
                    [
                        12.766999949548161,
                        57.77977419185406
                    ],
                    [
                        12.766998677345864,
                        57.77972941468014
                    ],
                    [
                        12.766995796240113,
                        57.77968465929169
                    ],
                    [
                        12.766992666017751,
                        57.77963990817603
                    ],
                    [
                        12.766988025493704,
                        57.779595194072215
                    ],
                    [
                        12.766982283377624,
                        57.779550516770705
                    ],
                    [
                        12.766975746394163,
                        57.77950586905005
                    ],
                    [
                        12.766968399868736,
                        57.779461253450336
                    ],
                    [
                        12.76696047688341,
                        57.77941665826751
                    ],
                    [
                        12.766950904709525,
                        57.77937215264088
                    ],
                    [
                        12.766939463448974,
                        57.77932768990905
                    ],
                    [
                        12.766927031773257,
                        57.77928324844121
                    ],
                    [
                        12.7669134900977,
                        57.77923889896582
                    ],
                    [
                        12.76689933283628,
                        57.7791946368232
                    ],
                    [
                        12.766884434587311,
                        57.77915053350407
                    ],
                    [
                        12.766868502936092,
                        57.779106540561635
                    ],
                    [
                        12.766851413488189,
                        57.77906267839872
                    ],
                    [
                        12.766833413444237,
                        57.77901892933629
                    ],
                    [
                        12.766814177641802,
                        57.77897534203104
                    ],
                    [
                        12.766794082513748,
                        57.7789318799302
                    ],
                    [
                        12.766773345871155,
                        57.778888516138416
                    ],
                    [
                        12.766751553329385,
                        57.77884530677036
                    ],
                    [
                        12.766728796579525,
                        57.77880223401071
                    ],
                    [
                        12.766704886197074,
                        57.77875933219503
                    ],
                    [
                        12.766680045046215,
                        57.778716572121766
                    ],
                    [
                        12.766654107756032,
                        57.77867398873547
                    ],
                    [
                        12.766626419782291,
                        57.77863171535208
                    ],
                    [
                        12.766597874374021,
                        57.77858960208095
                    ],
                    [
                        12.766568153916992,
                        57.77854771947236
                    ],
                    [
                        12.766537519512198,
                        57.77850602590333
                    ],
                    [
                        12.766506663507005,
                        57.7784643761067
                    ],
                    [
                        12.766474352181945,
                        57.77842304005362
                    ],
                    [
                        12.766441318577455,
                        57.77838186540534
                    ],
                    [
                        12.766407555928327,
                        57.778340857013134
                    ],
                    [
                        12.766372625492089,
                        57.77830012765996
                    ],
                    [
                        12.766336668542891,
                        57.77825965532387
                    ],
                    [
                        12.766300268301006,
                        57.77821928817295
                    ],
                    [
                        12.766263149130202,
                        57.77817908573195
                    ],
                    [
                        12.766224905647727,
                        57.77813916047989
                    ],
                    [
                        12.766186307879307,
                        57.77809930828466
                    ],
                    [
                        12.766147535935026,
                        57.77805947928181
                    ],
                    [
                        12.76610862400696,
                        57.778019664902246
                    ],
                    [
                        12.766069620120385,
                        57.777979854056646
                    ],
                    [
                        12.766030702545782,
                        57.77794000635167
                    ],
                    [
                        12.765991437281725,
                        57.77790026156987
                    ],
                    [
                        12.765952309636738,
                        57.77786048411182
                    ],
                    [
                        12.765913266669129,
                        57.777820688292245
                    ],
                    [
                        12.76587415683342,
                        57.77778091601065
                    ],
                    [
                        12.76583474134854,
                        57.77774123391578
                    ],
                    [
                        12.765795760147823,
                        57.77770143329714
                    ],
                    [
                        12.765756486810169,
                        57.77766171343552
                    ],
                    [
                        12.765717055217445,
                        57.77762202527001
                    ],
                    [
                        12.765677850965647,
                        57.777582259565655
                    ],
                    [
                        12.765638532584775,
                        57.777542513395424
                    ],
                    [
                        12.76559980346394,
                        57.777502589519315
                    ],
                    [
                        12.76555993365045,
                        57.77746297097388
                    ],
                    [
                        12.765522178467865,
                        57.777422752934136
                    ],
                    [
                        12.765483685353546,
                        57.777382728200024
                    ],
                    [
                        12.765445202770753,
                        57.77734268978897
                    ],
                    [
                        12.765407947865953,
                        57.777302314793175
                    ],
                    [
                        12.765371392544859,
                        57.7772617517112
                    ],
                    [
                        12.765334908891754,
                        57.77722116472382
                    ],
                    [
                        12.765298605099614,
                        57.77718052160295
                    ],
                    [
                        12.765263607924133,
                        57.777139543516775
                    ],
                    [
                        12.765228487528292,
                        57.77709858520017
                    ],
                    [
                        12.76519513644151,
                        57.77705720223811
                    ],
                    [
                        12.765161615261801,
                        57.77701585527619
                    ],
                    [
                        12.765129332803696,
                        57.77697422505929
                    ],
                    [
                        12.765098226409068,
                        57.77693233903226
                    ],
                    [
                        12.76506785668889,
                        57.77689030038837
                    ],
                    [
                        12.765037356469893,
                        57.77684828589248
                    ],
                    [
                        12.765008194283306,
                        57.77680599798954
                    ],
                    [
                        12.764980022192447,
                        57.77676351560418
                    ],
                    [
                        12.764952627170414,
                        57.776720885037875
                    ],
                    [
                        12.764926140413227,
                        57.7766780894085
                    ],
                    [
                        12.764900954109654,
                        57.77663506985845
                    ],
                    [
                        12.764876618892504,
                        57.77659191194258
                    ],
                    [
                        12.76485290186406,
                        57.77654865618268
                    ],
                    [
                        12.764830349162292,
                        57.776505222999155
                    ],
                    [
                        12.764808403364368,
                        57.776461701371645
                    ],
                    [
                        12.764787300342707,
                        57.77641805997034
                    ],
                    [
                        12.764767402824358,
                        57.77637425736969
                    ],
                    [
                        12.764748599238091,
                        57.77633031861294
                    ],
                    [
                        12.764730276640371,
                        57.77628632329882
                    ],
                    [
                        12.764713170406935,
                        57.77624218955199
                    ],
                    [
                        12.764697041973317,
                        57.77619795342327
                    ],
                    [
                        12.764681499905548,
                        57.776153658994886
                    ],
                    [
                        12.764666861922992,
                        57.77610927664189
                    ],
                    [
                        12.764653032271845,
                        57.77606481928664
                    ],
                    [
                        12.764640684969255,
                        57.776020237614155
                    ],
                    [
                        12.764628053355295,
                        57.775975674244904
                    ],
                    [
                        12.764617011178078,
                        57.775930989263195
                    ],
                    [
                        12.764607432119014,
                        57.77588620755714
                    ],
                    [
                        12.764598063633292,
                        57.77584141241624
                    ],
                    [
                        12.764590465649738,
                        57.77579652100272
                    ],
                    [
                        12.764584223046443,
                        57.775751571459715
                    ],
                    [
                        12.764577937359492,
                        57.77570662818657
                    ],
                    [
                        12.764572300472347,
                        57.77566165761715
                    ],
                    [
                        12.764567278886638,
                        57.77561666223021
                    ],
                    [
                        12.76456431025704,
                        57.77557161435029
                    ],
                    [
                        12.764561592415237,
                        57.77552656454408
                    ],
                    [
                        12.764560260676452,
                        57.77548149749557
                    ],
                    [
                        12.76455973336343,
                        57.77543642736747
                    ],
                    [
                        12.76456017790282,
                        57.77539135731339
                    ],
                    [
                        12.764561525032565,
                        57.775346291477305
                    ],
                    [
                        12.764563840866575,
                        57.77530123757356
                    ],
                    [
                        12.764566623479473,
                        57.77525619113421
                    ],
                    [
                        12.764570370360357,
                        57.775211163093665
                    ],
                    [
                        12.76457581075555,
                        57.77516618596817
                    ],
                    [
                        12.764582041618047,
                        57.775121240599944
                    ],
                    [
                        12.764589159454104,
                        57.775076335688205
                    ],
                    [
                        12.76459705842993,
                        57.7750314711853
                    ],
                    [
                        12.76460611730902,
                        57.77498666576564
                    ],
                    [
                        12.764615984325943,
                        57.774941906646426
                    ],
                    [
                        12.764626336643143,
                        57.77489717631626
                    ],
                    [
                        12.764638444798035,
                        57.77485256937612
                    ],
                    [
                        12.764650552354267,
                        57.7748079611217
                    ],
                    [
                        12.764663948735942,
                        57.774763452050635
                    ],
                    [
                        12.764678197010234,
                        57.77471901643978
                    ],
                    [
                        12.764693798405036,
                        57.77467471653223
                    ],
                    [
                        12.764709798532248,
                        57.77463046005962
                    ],
                    [
                        12.764727029608588,
                        57.774586340250025
                    ],
                    [
                        12.764745110866633,
                        57.77454232402224
                    ],
                    [
                        12.764764399274503,
                        57.7744984642862
                    ],
                    [
                        12.764784773026925,
                        57.77445474871684
                    ],
                    [
                        12.764805695276445,
                        57.7744111072754
                    ],
                    [
                        12.764827238116734,
                        57.77436754968651
                    ],
                    [
                        12.764849446018136,
                        57.774324081738555
                    ],
                    [
                        12.764872817858734,
                        57.774280779704426
                    ],
                    [
                        12.764896812261266,
                        57.77423770357922
                    ],
                    [
                        12.764921940138228,
                        57.774194820710214
                    ],
                    [
                        12.764948296888736,
                        57.774152012527594
                    ],
                    [
                        12.764975625376332,
                        57.77410937362588
                    ],
                    [
                        12.765003985675223,
                        57.77406693612339
                    ],
                    [
                        12.765033000716862,
                        57.77402463369228
                    ],
                    [
                        12.765063056880425,
                        57.77398254646352
                    ],
                    [
                        12.765093630310925,
                        57.77394057180454
                    ],
                    [
                        12.765124929430872,
                        57.773898755702085
                    ],
                    [
                        12.765157009678427,
                        57.7738571500852
                    ],
                    [
                        12.765190185930328,
                        57.77381586025222
                    ],
                    [
                        12.765224239320403,
                        57.77377476944434
                    ],
                    [
                        12.765258747563953,
                        57.77373378578466
                    ],
                    [
                        12.765293786936502,
                        57.77369292989298
                    ],
                    [
                        12.765330226541227,
                        57.77365242514152
                    ],
                    [
                        12.765367705854503,
                        57.77361219112755
                    ],
                    [
                        12.765405457487917,
                        57.77357203613442
                    ],
                    [
                        12.765444298525464,
                        57.77353199125536
                    ],
                    [
                        12.76548432295945,
                        57.77349228212309
                    ],
                    [
                        12.765525069579573,
                        57.773452799109805
                    ],
                    [
                        12.765566462659804,
                        57.77341351529537
                    ],
                    [
                        12.765608963013703,
                        57.77337457450914
                    ],
                    [
                        12.765652446175363,
                        57.773335948421824
                    ],
                    [
                        12.765696718528782,
                        57.7732975823001
                    ],
                    [
                        12.765741678632894,
                        57.77325944734898
                    ],
                    [
                        12.765787431852702,
                        57.773221584834396
                    ],
                    [
                        12.765833703075304,
                        57.77318390432087
                    ],
                    [
                        12.76588082410231,
                        57.773146527961075
                    ],
                    [
                        12.765928806600995,
                        57.773109464982674
                    ],
                    [
                        12.765977370752443,
                        57.77307261748496
                    ],
                    [
                        12.766026781094418,
                        57.77303609127473
                    ],
                    [
                        12.766077107691032,
                        57.77299992342417
                    ],
                    [
                        12.766128424770878,
                        57.77296415532568
                    ],
                    [
                        12.766180365022974,
                        57.772928646394234
                    ],
                    [
                        12.766232918433774,
                        57.772893395686026
                    ],
                    [
                        12.766286008574085,
                        57.772858374191216
                    ],
                    [
                        12.766339741276184,
                        57.77282363112053
                    ],
                    [
                        12.766394208254408,
                        57.77278921345703
                    ],
                    [
                        12.766449572849366,
                        57.77275520577525
                    ],
                    [
                        12.766505638277662,
                        57.772721526875095
                    ],
                    [
                        12.766562553123492,
                        57.7726882573986
                    ],
                    [
                        12.766620037019246,
                        57.772655270160016
                    ],
                    [
                        12.766678054335767,
                        57.772622550422106
                    ],
                    [
                        12.76673678695227,
                        57.772590196493695
                    ],
                    [
                        12.766795987726224,
                        57.77255808474227
                    ],
                    [
                        12.76685610932523,
                        57.77252646530835
                    ],
                    [
                        12.766916833752221,
                        57.77249517724325
                    ],
                    [
                        12.766978485392922,
                        57.77246441446919
                    ],
                    [
                        12.767040762503198,
                        57.77243401853392
                    ],
                    [
                        12.767103485869567,
                        57.77240388857846
                    ],
                    [
                        12.76716678692756,
                        57.772374105845245
                    ],
                    [
                        12.767230506373428,
                        57.77234457673797
                    ],
                    [
                        12.767295185363887,
                        57.772315648488586
                    ],
                    [
                        12.767360089893643,
                        57.772286864071965
                    ],
                    [
                        12.767425995195333,
                        57.772258731391
                    ],
                    [
                        12.767492197387107,
                        57.77223079730472
                    ],
                    [
                        12.767559316396207,
                        57.77220349341198
                    ],
                    [
                        12.767626675779914,
                        57.772176364361634
                    ],
                    [
                        12.767694541201243,
                        57.77214959924045
                    ],
                    [
                        12.767763077178046,
                        57.77212332860877
                    ],
                    [
                        12.767832127474314,
                        57.772097448685955
                    ],
                    [
                        12.767901639646594,
                        57.772071925517906
                    ],
                    [
                        12.767971525082256,
                        57.77204669100574
                    ],
                    [
                        12.768042009616012,
                        57.77202192964782
                    ],
                    [
                        12.768113178379897,
                        57.77199773237698
                    ],
                    [
                        12.768185066312604,
                        57.77197415289877
                    ],
                    [
                        12.76825740308934,
                        57.771950971681726
                    ],
                    [
                        12.768330407543962,
                        57.771928397961496
                    ],
                    [
                        12.768403640761711,
                        57.77190603982785
                    ],
                    [
                        12.768477244847556,
                        57.771884030185575
                    ],
                    [
                        12.76855129113822,
                        57.77186244706609
                    ],
                    [
                        12.768625708869907,
                        57.77184123206143
                    ],
                    [
                        12.768700483471552,
                        57.77182038062208
                    ],
                    [
                        12.76877576126462,
                        57.771800056032674
                    ],
                    [
                        12.768851461427104,
                        57.771780182783615
                    ],
                    [
                        12.76892763273769,
                        57.771760829553514
                    ],
                    [
                        12.769004308085915,
                        57.77174205327659
                    ],
                    [
                        12.76908127318242,
                        57.77172361906315
                    ],
                    [
                        12.769158603210467,
                        57.771705621520425
                    ],
                    [
                        12.769236305333012,
                        57.771688081490225
                    ],
                    [
                        12.76931432240206,
                        57.77167094122568
                    ],
                    [
                        12.769392733545907,
                        57.77165431972075
                    ],
                    [
                        12.7694715330724,
                        57.77163823189063
                    ],
                    [
                        12.769550536867238,
                        57.77162243292376
                    ],
                    [
                        12.769629966229624,
                        57.77160725619568
                    ],
                    [
                        12.769709679884025,
                        57.7715925160643
                    ],
                    [
                        12.769789674656023,
                        57.77157822198577
                    ],
                    [
                        12.769870029807837,
                        57.77156452101242
                    ],
                    [
                        12.769950595780198,
                        57.77155117927644
                    ],
                    [
                        12.770031438121052,
                        57.771538320562875
                    ],
                    [
                        12.770112570249793,
                        57.77152599047079
                    ],
                    [
                        12.770194019787223,
                        57.7715142716768
                    ],
                    [
                        12.770275647954946,
                        57.77150291176349
                    ],
                    [
                        12.770357536553616,
                        57.77149209673517
                    ],
                    [
                        12.770439590800992,
                        57.771481641104735
                    ],
                    [
                        12.770521836157487,
                        57.77147161421457
                    ],
                    [
                        12.770604303627769,
                        57.77146211543379
                    ],
                    [
                        12.770687024545653,
                        57.771453267935854
                    ],
                    [
                        12.770769952642382,
                        57.77144499611156
                    ],
                    [
                        12.770852992708395,
                        57.77143705854853
                    ],
                    [
                        12.770936215403806,
                        57.77142969321952
                    ],
                    [
                        12.771019551646374,
                        57.77142271609099
                    ],
                    [
                        12.7711029708595,
                        57.771416029327646
                    ],
                    [
                        12.77118653643765,
                        57.77140988669155
                    ],
                    [
                        12.771270266486896,
                        57.77140443253271
                    ],
                    [
                        12.771354084454117,
                        57.771399398282995
                    ],
                    [
                        12.771437978031052,
                        57.771394744883814
                    ],
                    [
                        12.77152201181441,
                        57.77139089783265
                    ],
                    [
                        12.77160608625195,
                        57.77138734324094
                    ],
                    [
                        12.77169021073359,
                        57.771384235455656
                    ],
                    [
                        12.77177440287452,
                        57.771381868129104
                    ],
                    [
                        12.771858612312542,
                        57.7713798606187
                    ],
                    [
                        12.771942817090235,
                        57.77137790399914
                    ],
                    [
                        12.772027055493552,
                        57.77137660889622
                    ],
                    [
                        12.77211128649618,
                        57.771375419087285
                    ],
                    [
                        12.772195521113481,
                        57.77137477062636
                    ],
                    [
                        12.772279732882483,
                        57.77137410149296
                    ],
                    [
                        12.77236392986367,
                        57.77137377915346
                    ],
                    [
                        12.772448109385367,
                        57.77137340314209
                    ],
                    [
                        12.772532275404076,
                        57.771373313090294
                    ],
                    [
                        12.772616426055311,
                        57.77137346430706
                    ],
                    [
                        12.77270056128031,
                        57.77137373566584
                    ],
                    [
                        12.772784682535505,
                        57.771374019131066
                    ],
                    [
                        12.772868789625681,
                        57.77137439304765
                    ],
                    [
                        12.772952884536895,
                        57.771374749807656
                    ],
                    [
                        12.77303697777643,
                        57.7713751525673
                    ],
                    [
                        12.773121073813755,
                        57.77137565937934
                    ],
                    [
                        12.773205175945995,
                        57.7713760098742
                    ],
                    [
                        12.77328928262298,
                        57.77137634103743
                    ],
                    [
                        12.773373391855266,
                        57.77137679195601
                    ],
                    [
                        12.77345750703711,
                        57.77137715407886
                    ],
                    [
                        12.773541627287113,
                        57.77137751434133
                    ],
                    [
                        12.773625750548563,
                        57.771377989134805
                    ],
                    [
                        12.773709876951147,
                        57.771378564368405
                    ],
                    [
                        12.77379400801251,
                        57.771379182157645
                    ],
                    [
                        12.773878143534642,
                        57.77137986472204
                    ],
                    [
                        12.773962288991841,
                        57.77138062439621
                    ],
                    [
                        12.774046449830943,
                        57.77138145876656
                    ],
                    [
                        12.774130627035145,
                        57.771382316450534
                    ],
                    [
                        12.774214795182987,
                        57.771383665295325
                    ],
                    [
                        12.774298966277232,
                        57.77138517575388
                    ],
                    [
                        12.77438312704849,
                        57.77138701809158
                    ],
                    [
                        12.774467273806614,
                        57.771389187603525
                    ],
                    [
                        12.774551409867271,
                        57.77139162902864
                    ],
                    [
                        12.774635538101338,
                        57.77139433361965
                    ],
                    [
                        12.774719666774407,
                        57.771397234203704
                    ],
                    [
                        12.774803736705234,
                        57.77140070974403
                    ],
                    [
                        12.774887771255033,
                        57.77140452748652
                    ],
                    [
                        12.77497169493373,
                        57.77140905791163
                    ],
                    [
                        12.775055484341694,
                        57.77141430097888
                    ],
                    [
                        12.77513907707188,
                        57.77142012520245
                    ],
                    [
                        12.775222307665757,
                        57.771426548264635
                    ],
                    [
                        12.77530549273549,
                        57.7714332010418
                    ],
                    [
                        12.775388378500928,
                        57.77144083231828
                    ],
                    [
                        12.775471067276163,
                        57.7714490515333
                    ],
                    [
                        12.775553549668846,
                        57.77145784306243
                    ],
                    [
                        12.77563579706634,
                        57.771467414872795
                    ],
                    [
                        12.775718027743663,
                        57.77147772569187
                    ],
                    [
                        12.77579988093308,
                        57.771488849449405
                    ],
                    [
                        12.77588146822149,
                        57.77150050722104
                    ],
                    [
                        12.77596265659458,
                        57.771512928081
                    ],
                    [
                        12.77604354024669,
                        57.77152589853144
                    ],
                    [
                        12.776124021663248,
                        57.77153956314057
                    ],
                    [
                        12.776204000051628,
                        57.77155404330066
                    ],
                    [
                        12.776283785307985,
                        57.77156883228801
                    ],
                    [
                        12.77636310889683,
                        57.7715843259399
                    ],
                    [
                        12.776441744517937,
                        57.771600792420365
                    ],
                    [
                        12.776519840045003,
                        57.77161797314121
                    ],
                    [
                        12.77659737876555,
                        57.77163585269551
                    ],
                    [
                        12.776674362525405,
                        57.771654395180086
                    ],
                    [
                        12.776751076356827,
                        57.77167325016839
                    ],
                    [
                        12.776827246175738,
                        57.77169272788194
                    ],
                    [
                        12.776902823696302,
                        57.771712855454425
                    ],
                    [
                        12.776977793419428,
                        57.77173362245821
                    ],
                    [
                        12.777052414019623,
                        57.77175475236041
                    ],
                    [
                        12.77712603155524,
                        57.77177686472118
                    ],
                    [
                        12.777199282684396,
                        57.77179932303827
                    ],
                    [
                        12.77727142811115,
                        57.77182278094687
                    ],
                    [
                        12.777343158449511,
                        57.77184659487394
                    ],
                    [
                        12.777414010500596,
                        57.77187114830082
                    ],
                    [
                        12.77748429078751,
                        57.77189616639169
                    ],
                    [
                        12.77755368759311,
                        57.77192188000302
                    ],
                    [
                        12.777622243414179,
                        57.77194822730252
                    ],
                    [
                        12.77769002657633,
                        57.771975134980394
                    ],
                    [
                        12.777756778830195,
                        57.77200276392108
                    ],
                    [
                        12.777823267123138,
                        57.77203056873733
                    ],
                    [
                        12.777889161181381,
                        57.77205878254836
                    ],
                    [
                        12.777954045827231,
                        57.772087663128985
                    ],
                    [
                        12.778018090608127,
                        57.77211708136212
                    ],
                    [
                        12.77808101056586,
                        57.77214718703165
                    ],
                    [
                        12.77814294066376,
                        57.772177872424535
                    ],
                    [
                        12.778204091198822,
                        57.772209001008555
                    ],
                    [
                        12.778264202021798,
                        57.77224070190335
                    ],
                    [
                        12.778323515167743,
                        57.77227282822829
                    ],
                    [
                        12.778381876754459,
                        57.77230544726188
                    ],
                    [
                        12.778439243242339,
                        57.77233856122763
                    ],
                    [
                        12.778495518647528,
                        57.77237219660351
                    ],
                    [
                        12.778550788674586,
                        57.77240629794685
                    ],
                    [
                        12.778605031398154,
                        57.772440861335376
                    ],
                    [
                        12.778658146322215,
                        57.77247591487525
                    ],
                    [
                        12.778710673989348,
                        57.772511219300654
                    ],
                    [
                        12.778762245120697,
                        57.77254694320722
                    ],
                    [
                        12.778813261109597,
                        57.77258291061316
                    ],
                    [
                        12.77886281466082,
                        57.77261947262795
                    ],
                    [
                        12.77891098063406,
                        57.772656575350865
                    ],
                    [
                        12.778957966183757,
                        57.77269409939732
                    ],
                    [
                        12.779003639424827,
                        57.77273206595663
                    ],
                    [
                        12.779048376795092,
                        57.772770335537395
                    ],
                    [
                        12.779091857949089,
                        57.77280899956988
                    ],
                    [
                        12.779134876632433,
                        57.772847797735
                    ],
                    [
                        12.779176464494885,
                        57.772887046556235
                    ],
                    [
                        12.779216909129024,
                        57.77292664310098
                    ],
                    [
                        12.779256275114134,
                        57.77296655744342
                    ],
                    [
                        12.779294408796481,
                        57.773006823771766
                    ],
                    [
                        12.779330840061355,
                        57.773047541782205
                    ],
                    [
                        12.779366064750082,
                        57.7730885565706
                    ],
                    [
                        12.779400369261937,
                        57.77312978894489
                    ],
                    [
                        12.77943367435043,
                        57.773171253036395
                    ],
                    [
                        12.77946598373449,
                        57.77321294201596
                    ],
                    [
                        12.779496886855396,
                        57.77325493483536
                    ],
                    [
                        12.779527031270813,
                        57.77329708998629
                    ],
                    [
                        12.779554862704169,
                        57.773339695581114
                    ],
                    [
                        12.77958172618852,
                        57.7733824750061
                    ],
                    [
                        12.779606654512945,
                        57.77342558454037
                    ],
                    [
                        12.779630915688745,
                        57.77346879678464
                    ],
                    [
                        12.779653711174573,
                        57.773512234530315
                    ],
                    [
                        12.77967591882718,
                        57.77355575993052
                    ],
                    [
                        12.77969662139476,
                        57.773599498593114
                    ],
                    [
                        12.779716048675509,
                        57.7736434052563
                    ],
                    [
                        12.779734304540643,
                        57.773687457301484
                    ],
                    [
                        12.779751321570703,
                        57.773731653257165
                    ],
                    [
                        12.779766630069021,
                        57.77377602761215
                    ],
                    [
                        12.779780656609192,
                        57.77382052120753
                    ],
                    [
                        12.779793358797855,
                        57.77386512633681
                    ],
                    [
                        12.779804910036432,
                        57.77390981888798
                    ],
                    [
                        12.779814858508047,
                        57.773954619382295
                    ],
                    [
                        12.779824021540392,
                        57.77399946551659
                    ],
                    [
                        12.779832362595256,
                        57.77404436099548
                    ],
                    [
                        12.779838774105292,
                        57.77408934786981
                    ],
                    [
                        12.779844054619153,
                        57.774134377161396
                    ],
                    [
                        12.779848049180965,
                        57.77417944589067
                    ],
                    [
                        12.779850359514496,
                        57.774224548916415
                    ],
                    [
                        12.77985150802352,
                        57.77426966481883
                    ],
                    [
                        12.779851046005774,
                        57.774314784075074
                    ],
                    [
                        12.779849366169053,
                        57.77435989340205
                    ],
                    [
                        12.779846444080231,
                        57.77440498371698
                    ],
                    [
                        12.779842272421876,
                        57.77445004559278
                    ],
                    [
                        12.779836872928035,
                        57.77449507044457
                    ],
                    [
                        12.77983014094051,
                        57.77454004442495
                    ],
                    [
                        12.7798220920945,
                        57.77458495681038
                    ],
                    [
                        12.779812576842241,
                        57.77462978676884
                    ],
                    [
                        12.779802372698583,
                        57.77467457573621
                    ],
                    [
                        12.779790698409897,
                        57.77471926504619
                    ],
                    [
                        12.779776942395786,
                        57.77476378442081
                    ],
                    [
                        12.779762315146899,
                        57.7748082220043
                    ],
                    [
                        12.779746179211887,
                        57.77485250951704
                    ],
                    [
                        12.779728814102162,
                        57.77489665799973
                    ],
                    [
                        12.779710182153927,
                        57.77494064779227
                    ],
                    [
                        12.779690804007748,
                        57.774984536935385
                    ],
                    [
                        12.779670078260684,
                        57.775028240118104
                    ],
                    [
                        12.779648997990646,
                        57.77507188482301
                    ],
                    [
                        12.779626089618635,
                        57.77511525225323
                    ],
                    [
                        12.779602683289246,
                        57.7751585310187
                    ],
                    [
                        12.779578198697942,
                        57.775201628424576
                    ],
                    [
                        12.779553053967748,
                        57.77524460524086
                    ],
                    [
                        12.779527477543343,
                        57.775287496501846
                    ],
                    [
                        12.779502134208002,
                        57.77533041678369
                    ],
                    [
                        12.779475625387773,
                        57.775373124176085
                    ],
                    [
                        12.77944919099785,
                        57.77541583414943
                    ],
                    [
                        12.779422309545273,
                        57.77545845366719
                    ],
                    [
                        12.779395310017817,
                        57.77550103491977
                    ],
                    [
                        12.779368146712885,
                        57.77554356254465
                    ],
                    [
                        12.779341130097585,
                        57.775586116852445
                    ],
                    [
                        12.779314263834497,
                        57.77562870032595
                    ],
                    [
                        12.779287252401579,
                        57.775671264778126
                    ],
                    [
                        12.77926016238024,
                        57.77571381443399
                    ],
                    [
                        12.779233331422512,
                        57.77575640996979
                    ],
                    [
                        12.77920650622253,
                        57.77579900611393
                    ],
                    [
                        12.779179312930829,
                        57.775841535466874
                    ],
                    [
                        12.779152487103103,
                        57.77588413065709
                    ],
                    [
                        12.779125484403266,
                        57.77592669351667
                    ],
                    [
                        12.779098614976172,
                        57.77596928014614
                    ],
                    [
                        12.779071534586295,
                        57.776011828143474
                    ],
                    [
                        12.779044420669528,
                        57.77605436947154
                    ],
                    [
                        12.779017362055413,
                        57.77609692026657
                    ],
                    [
                        12.77899019959765,
                        57.776139451567985
                    ],
                    [
                        12.778963082398546,
                        57.77618199048854
                    ],
                    [
                        12.778936049258816,
                        57.77622454410156
                    ],
                    [
                        12.77890899758052,
                        57.776267093688176
                    ],
                    [
                        12.778881741974063,
                        57.77630960539159
                    ],
                    [
                        12.7788545718639,
                        57.77635213197538
                    ],
                    [
                        12.778827700556668,
                        57.77639471232875
                    ],
                    [
                        12.778800687740198,
                        57.77643726608284
                    ],
                    [
                        12.778773661070009,
                        57.776479816492774
                    ],
                    [
                        12.778746407991516,
                        57.776522325145464
                    ],
                    [
                        12.778719367406254,
                        57.77656487259993
                    ],
                    [
                        12.778692360324007,
                        57.77660742627593
                    ],
                    [
                        12.77866513053154,
                        57.77664993959388
                    ],
                    [
                        12.778637915066192,
                        57.77669245576075
                    ],
                    [
                        12.778610892599271,
                        57.77673500731439
                    ],
                    [
                        12.778583591295872,
                        57.77677750847549
                    ],
                    [
                        12.778556442203165,
                        57.77682003768679
                    ],
                    [
                        12.778529380292158,
                        57.77686258315968
                    ],
                    [
                        12.778502377131042,
                        57.776905139768886
                    ],
                    [
                        12.778475319350663,
                        57.77694768694738
                    ],
                    [
                        12.77844832117381,
                        57.77699024551377
                    ],
                    [
                        12.77842132929062,
                        57.777032805823886
                    ],
                    [
                        12.77839423624596,
                        57.777075348375256
                    ],
                    [
                        12.778367085581653,
                        57.77711788112557
                    ],
                    [
                        12.778339933170862,
                        57.77716041428465
                    ],
                    [
                        12.778312743510895,
                        57.77720294143117
                    ],
                    [
                        12.778285494509143,
                        57.777245457731006
                    ],
                    [
                        12.77825821685125,
                        57.77728796463342
                    ],
                    [
                        12.778231310655972,
                        57.777330534026895
                    ],
                    [
                        12.778204304262424,
                        57.77737307959808
                    ],
                    [
                        12.778177585730123,
                        57.7774156712179
                    ],
                    [
                        12.778150681678497,
                        57.77745822315899
                    ],
                    [
                        12.7781243196242,
                        57.777500865593495
                    ],
                    [
                        12.778098080767805,
                        57.77754352281711
                    ],
                    [
                        12.778071849128983,
                        57.77758617465394
                    ],
                    [
                        12.778045966501658,
                        57.77762888113337
                    ],
                    [
                        12.778020227606033,
                        57.77767160673715
                    ],
                    [
                        12.777994740897446,
                        57.777714372119725
                    ],
                    [
                        12.777969497780383,
                        57.777757181144125
                    ],
                    [
                        12.777944529276493,
                        57.77780003928675
                    ],
                    [
                        12.777919788430745,
                        57.7778429385999
                    ],
                    [
                        12.777895623503857,
                        57.77788593415639
                    ],
                    [
                        12.777871941831958,
                        57.777929008987485
                    ],
                    [
                        12.777848402739126,
                        57.77797210851939
                    ],
                    [
                        12.777825401757976,
                        57.778015293300925
                    ],
                    [
                        12.777802396535971,
                        57.778058479192254
                    ],
                    [
                        12.77777926362983,
                        57.77810164839704
                    ],
                    [
                        12.777757063142433,
                        57.77814495864764
                    ],
                    [
                        12.777734612301087,
                        57.77818823287204
                    ],
                    [
                        12.777712480506896,
                        57.77823155415312
                    ],
                    [
                        12.777690077230957,
                        57.77827483585973
                    ],
                    [
                        12.777668317885034,
                        57.77831820977721
                    ],
                    [
                        12.777646674934863,
                        57.778361599870706
                    ],
                    [
                        12.777625937782531,
                        57.77840511588409
                    ],
                    [
                        12.777605090275795,
                        57.77844861524421
                    ],
                    [
                        12.777584719670587,
                        57.77849217879251
                    ],
                    [
                        12.777564213700037,
                        57.778535722735825
                    ],
                    [
                        12.777543886283246,
                        57.778579289809045
                    ],
                    [
                        12.777524046279863,
                        57.77862292006847
                    ],
                    [
                        12.77750468585809,
                        57.77866663695523
                    ],
                    [
                        12.777485546834596,
                        57.77871039310265
                    ],
                    [
                        12.777466465003647,
                        57.778754156692
                    ],
                    [
                        12.777447829069096,
                        57.77879797503893
                    ],
                    [
                        12.777429341487577,
                        57.77884181132396
                    ],
                    [
                        12.777411111791025,
                        57.77888567830164
                    ],
                    [
                        12.777393329008943,
                        57.778929608209175
                    ],
                    [
                        12.777375713151864,
                        57.778973560736596
                    ],
                    [
                        12.777358408107398,
                        57.77901754119288
                    ],
                    [
                        12.777341459421923,
                        57.779061554322915
                    ],
                    [
                        12.777324505210553,
                        57.77910556837118
                    ],
                    [
                        12.777308255827643,
                        57.77914965742645
                    ],
                    [
                        12.777292193327112,
                        57.77919370637156
                    ],
                    [
                        12.777276679675465,
                        57.779237780144726
                    ],
                    [
                        12.777261043342316,
                        57.779281858115574
                    ],
                    [
                        12.777245727175025,
                        57.77932598437307
                    ],
                    [
                        12.7772308992667,
                        57.779370174216496
                    ],
                    [
                        12.777215938010007,
                        57.77941436724149
                    ],
                    [
                        12.77720151417386,
                        57.77945861239074
                    ],
                    [
                        12.777187255359866,
                        57.779502868716946
                    ],
                    [
                        12.777173430650581,
                        57.77954715997555
                    ],
                    [
                        12.777159821189395,
                        57.77959146568048
                    ],
                    [
                        12.777146201470371,
                        57.77963576637076
                    ],
                    [
                        12.777133241887514,
                        57.77968012001261
                    ],
                    [
                        12.77712051175529,
                        57.779724493178165
                    ],
                    [
                        12.777107877382157,
                        57.77976887606738
                    ],
                    [
                        12.777095671942456,
                        57.77981329520801
                    ],
                    [
                        12.777083496477562,
                        57.77985771892806
                    ],
                    [
                        12.777071950005537,
                        57.77990219248352
                    ],
                    [
                        12.777060297664171,
                        57.7799466599302
                    ],
                    [
                        12.77704880237779,
                        57.77999113875093
                    ],
                    [
                        12.777037900490093,
                        57.780035657922014
                    ],
                    [
                        12.777027192254087,
                        57.780080188069284
                    ],
                    [
                        12.77701682601549,
                        57.780124738824256
                    ],
                    [
                        12.7770066835849,
                        57.78016930179835
                    ],
                    [
                        12.776996793289753,
                        57.78021387871125
                    ],
                    [
                        12.776987424399117,
                        57.7802584877497
                    ],
                    [
                        12.776978025090507,
                        57.7803031003644
                    ],
                    [
                        12.776969377766587,
                        57.78034776198708
                    ],
                    [
                        12.776960869253486,
                        57.78039243648244
                    ],
                    [
                        12.776952368572484,
                        57.780437116893715
                    ],
                    [
                        12.77694411569819,
                        57.78048181603329
                    ],
                    [
                        12.776936128664085,
                        57.78052653410299
                    ],
                    [
                        12.776928289309113,
                        57.78057126244626
                    ],
                    [
                        12.77692040092486,
                        57.78061598996946
                    ],
                    [
                        12.776912321099267,
                        57.78066070968135
                    ],
                    [
                        12.77690440465305,
                        57.780705439716016
                    ],
                    [
                        12.776896548216811,
                        57.78075017479845
                    ],
                    [
                        12.77688894204078,
                        57.780794924474286
                    ],
                    [
                        12.77688068849382,
                        57.7808396437259
                    ],
                    [
                        12.77687285096592,
                        57.78088438574808
                    ],
                    [
                        12.7768649715612,
                        57.780929125550465
                    ],
                    [
                        12.776856892452516,
                        57.780973854585895
                    ],
                    [
                        12.77684876122238,
                        57.78101858036169
                    ],
                    [
                        12.776840732639638,
                        57.78106331079086
                    ],
                    [
                        12.776832479620118,
                        57.781108029440965
                    ],
                    [
                        12.77682449414065,
                        57.78115276126359
                    ],
                    [
                        12.776816688167843,
                        57.781197501870416
                    ],
                    [
                        12.776808705124605,
                        57.78124223335891
                    ],
                    [
                        12.776800765951897,
                        57.781286970499394
                    ],
                    [
                        12.77679268757441,
                        57.781331708298325
                    ],
                    [
                        12.776784837121786,
                        57.781376464934915
                    ],
                    [
                        12.776776488955297,
                        57.78142120279522
                    ],
                    [
                        12.776768280650368,
                        57.78146595459302
                    ],
                    [
                        12.776759755574123,
                        57.78151069626775
                    ],
                    [
                        12.776750883624782,
                        57.781555425697306
                    ],
                    [
                        12.776741651900325,
                        57.78160014188688
                    ],
                    [
                        12.776732343621106,
                        57.78164485999096
                    ],
                    [
                        12.776722257109695,
                        57.781689531332844
                    ],
                    [
                        12.77671177343911,
                        57.78173417763949
                    ],
                    [
                        12.77670109700981,
                        57.7817788123481
                    ],
                    [
                        12.77668972333689,
                        57.78182339876433
                    ],
                    [
                        12.776678021784326,
                        57.78186796171676
                    ],
                    [
                        12.776665755698566,
                        57.78191248194407
                    ],
                    [
                        12.776653154328722,
                        57.7819569760123
                    ],
                    [
                        12.776640225654107,
                        57.78200144418786
                    ],
                    [
                        12.776626738443484,
                        57.78204586499682
                    ],
                    [
                        12.77661264011464,
                        57.78209023114784
                    ],
                    [
                        12.77659843098979,
                        57.782134587089466
                    ],
                    [
                        12.776583605706753,
                        57.78217888520664
                    ],
                    [
                        12.776568233151218,
                        57.78222312951386
                    ],
                    [
                        12.776552633107181,
                        57.78226735064647
                    ],
                    [
                        12.77653614497159,
                        57.782311478161816
                    ],
                    [
                        12.77651972887298,
                        57.78235561020978
                    ],
                    [
                        12.776502872279188,
                        57.782399692764145
                    ],
                    [
                        12.776485139191353,
                        57.78244367491299
                    ],
                    [
                        12.776467073810725,
                        57.78248761518066
                    ],
                    [
                        12.77644903346231,
                        57.78253155507215
                    ],
                    [
                        12.776430540553353,
                        57.78257544091364
                    ],
                    [
                        12.77641188604907,
                        57.782619311704195
                    ],
                    [
                        12.776393095820813,
                        57.782663171434024
                    ],
                    [
                        12.77637359415752,
                        57.78270694753546
                    ],
                    [
                        12.776353535613096,
                        57.78275065489374
                    ],
                    [
                        12.776333043582259,
                        57.7827943045692
                    ],
                    [
                        12.77631215640239,
                        57.78283790046849
                    ],
                    [
                        12.776291028812585,
                        57.78288146339444
                    ],
                    [
                        12.77626911776674,
                        57.78292491546374
                    ],
                    [
                        12.776246965304548,
                        57.7829683317937
                    ],
                    [
                        12.776224191659054,
                        57.78301165530681
                    ],
                    [
                        12.77620105393371,
                        57.783054922268526
                    ],
                    [
                        12.776177669979246,
                        57.7830981505776
                    ],
                    [
                        12.776153812418048,
                        57.783141304425556
                    ],
                    [
                        12.776129446033835,
                        57.78318437640247
                    ],
                    [
                        12.776104726942375,
                        57.78322739024107
                    ],
                    [
                        12.776079735315978,
                        57.78327035865128
                    ],
                    [
                        12.776054355634026,
                        57.78331326171203
                    ],
                    [
                        12.776028522676153,
                        57.78335608736258
                    ],
                    [
                        12.776002390451705,
                        57.783398861763054
                    ],
                    [
                        12.775975905045945,
                        57.7834415748268
                    ],
                    [
                        12.77594891023299,
                        57.78348419718499
                    ],
                    [
                        12.775921393259356,
                        57.783526724259225
                    ],
                    [
                        12.775893498588825,
                        57.78356918093963
                    ],
                    [
                        12.775865321545973,
                        57.783611584438624
                    ],
                    [
                        12.775836682065165,
                        57.783653899598846
                    ],
                    [
                        12.775807689301113,
                        57.78369614621661
                    ],
                    [
                        12.775778471515286,
                        57.78373834927183
                    ],
                    [
                        12.775748422204522,
                        57.78378038569933
                    ],
                    [
                        12.775718089020595,
                        57.783822363100526
                    ],
                    [
                        12.775687301560048,
                        57.783864245429875
                    ],
                    [
                        12.775656333858153,
                        57.783906089351134
                    ],
                    [
                        12.77562510911029,
                        57.7839478790826
                    ],
                    [
                        12.775593226731617,
                        57.783989526881506
                    ],
                    [
                        12.775561018774093,
                        57.78403110286583
                    ],
                    [
                        12.775528650429983,
                        57.7840726436273
                    ],
                    [
                        12.77549591488736,
                        57.784114102770715
                    ],
                    [
                        12.775462489075233,
                        57.784155404385466
                    ],
                    [
                        12.77542892559342,
                        57.784196674021466
                    ],
                    [
                        12.77539468742995,
                        57.78423778511176
                    ],
                    [
                        12.775360048058081,
                        57.784278800097816
                    ],
                    [
                        12.77532547223485,
                        57.784319830925085
                    ],
                    [
                        12.77529046801669,
                        57.78436075889968
                    ],
                    [
                        12.77525490849515,
                        57.78440155051341
                    ],
                    [
                        12.775218847510459,
                        57.78444221647918
                    ],
                    [
                        12.775182441136254,
                        57.78448279450397
                    ],
                    [
                        12.775145840885216,
                        57.784523323218615
                    ],
                    [
                        12.775108737449594,
                        57.784563721734266
                    ],
                    [
                        12.775071010518573,
                        57.78460395453319
                    ],
                    [
                        12.77503471091665,
                        57.78464457239655
                    ],
                    [
                        12.775001974300425,
                        57.78468617761267
                    ],
                    [
                        12.774963364932184,
                        57.78472619043032
                    ],
                    [
                        12.774923955516662,
                        57.784765978928405
                    ],
                    [
                        12.774884550488167,
                        57.784805765942714
                    ],
                    [
                        12.774844906587205,
                        57.78484548408661
                    ],
                    [
                        12.774804735986416,
                        57.78488505453944
                    ],
                    [
                        12.774764419642613,
                        57.78492458758651
                    ],
                    [
                        12.774723477621873,
                        57.78496394130172
                    ],
                    [
                        12.77468276021243,
                        57.78500336735861
                    ],
                    [
                        12.7746416314428,
                        57.78504267789275
                    ],
                    [
                        12.774599565486435,
                        57.785081709239584
                    ],
                    [
                        12.774557005400927,
                        57.78512059216905
                    ],
                    [
                        12.774514086514001,
                        57.78515935577122
                    ],
                    [
                        12.774470925710444,
                        57.785198032698126
                    ],
                    [
                        12.774427464527873,
                        57.785236603761945
                    ],
                    [
                        12.774383149158428,
                        57.78527488503108
                    ],
                    [
                        12.774338869963854,
                        57.78531316527641
                    ],
                    [
                        12.774294551483907,
                        57.78535142226587
                    ],
                    [
                        12.77424971489857,
                        57.785389496990184
                    ],
                    [
                        12.774204801279232,
                        57.785427524326195
                    ],
                    [
                        12.774159666169105,
                        57.78546544647581
                    ],
                    [
                        12.77411392297487,
                        57.78550316023477
                    ],
                    [
                        12.774067612849715,
                        57.78554068235993
                    ],
                    [
                        12.774021205345958,
                        57.78557822788299
                    ],
                    [
                        12.773974643103275,
                        57.78561568380746
                    ],
                    [
                        12.773927844319248,
                        57.78565300310456
                    ],
                    [
                        12.773881205773426,
                        57.78569033390591
                    ],
                    [
                        12.773834787457476,
                        57.78572778390891
                    ],
                    [
                        12.77378794075068,
                        57.78576514753825
                    ],
                    [
                        12.773741160546413,
                        57.78580258518795
                    ],
                    [
                        12.773694625911876,
                        57.78583999051623
                    ],
                    [
                        12.773648157443281,
                        57.785877272289056
                    ],
                    [
                        12.773601682459207,
                        57.785914835965215
                    ],
                    [
                        12.773554718594143,
                        57.78595219344733
                    ],
                    [
                        12.773508400818706,
                        57.785989454254185
                    ],
                    [
                        12.773461393360188,
                        57.786027049727714
                    ],
                    [
                        12.77341481884996,
                        57.7860642207357
                    ],
                    [
                        12.773368368890448,
                        57.78610167589786
                    ],
                    [
                        12.77332146180046,
                        57.7861391823309
                    ],
                    [
                        12.773274258044617,
                        57.7861764690394
                    ],
                    [
                        12.773227782236653,
                        57.78621369369649
                    ],
                    [
                        12.773181773751222,
                        57.78625119867822
                    ],
                    [
                        12.773135273761008,
                        57.78628880651199
                    ],
                    [
                        12.773088582951422,
                        57.786326277147104
                    ],
                    [
                        12.773042091330174,
                        57.78636368352191
                    ],
                    [
                        12.772995540139979,
                        57.786401117259935
                    ],
                    [
                        12.772948731443279,
                        57.78643849583995
                    ],
                    [
                        12.772901940910701,
                        57.78647581456223
                    ],
                    [
                        12.77285536065802,
                        57.78651314280109
                    ],
                    [
                        12.772808846751264,
                        57.78655053913305
                    ],
                    [
                        12.772762129776648,
                        57.78658794600542
                    ],
                    [
                        12.772715312860907,
                        57.78662534813464
                    ],
                    [
                        12.772668534932563,
                        57.7866626978411
                    ],
                    [
                        12.772621933454634,
                        57.78670011049862
                    ],
                    [
                        12.7725754764398,
                        57.786737582012705
                    ],
                    [
                        12.77252901507228,
                        57.78677505429717
                    ],
                    [
                        12.77248256124596,
                        57.78681252814787
                    ],
                    [
                        12.772436095220579,
                        57.786849996539566
                    ],
                    [
                        12.772389599101485,
                        57.78688745239942
                    ],
                    [
                        12.77234305838576,
                        57.786924890317664
                    ],
                    [
                        12.77229649365217,
                        57.78696231758163
                    ],
                    [
                        12.772249959962997,
                        57.78699975372943
                    ],
                    [
                        12.772203446944877,
                        57.787037195072685
                    ],
                    [
                        12.77215683289123,
                        57.787074600334606
                    ],
                    [
                        12.772110124620452,
                        57.78711197448031
                    ],
                    [
                        12.772063461406866,
                        57.7871493668781
                    ],
                    [
                        12.77201689925942,
                        57.78718679737246
                    ],
                    [
                        12.77197016637753,
                        57.78722416950198
                    ],
                    [
                        12.771923609838394,
                        57.78726160646053
                    ],
                    [
                        12.771876985583496,
                        57.787299021624925
                    ],
                    [
                        12.771830328485107,
                        57.78733642680202
                    ],
                    [
                        12.771783735215388,
                        57.78737385088303
                    ],
                    [
                        12.771736834375046,
                        57.787411160026856
                    ],
                    [
                        12.771690420616778,
                        57.78744863758787
                    ],
                    [
                        12.771644011720602,
                        57.78748611141431
                    ],
                    [
                        12.771597419374084,
                        57.787523514337
                    ],
                    [
                        12.771550017136075,
                        57.787560626408975
                    ],
                    [
                        12.77149669619379,
                        57.78759564409164
                    ],
                    [
                        12.771450317328293,
                        57.78763313065704
                    ],
                    [
                        12.771403855653306,
                        57.787670591273525
                    ],
                    [
                        12.77135726609922,
                        57.78770801001414
                    ],
                    [
                        12.77131066925945,
                        57.78774542907742
                    ],
                    [
                        12.771264341255643,
                        57.78778293798008
                    ],
                    [
                        12.77121778110149,
                        57.787820356003074
                    ],
                    [
                        12.771171250416142,
                        57.78785777603469
                    ],
                    [
                        12.77112483753672,
                        57.787895229177096
                    ],
                    [
                        12.771078591828415,
                        57.78793274879656
                    ],
                    [
                        12.771032814605425,
                        57.78797045232531
                    ],
                    [
                        12.770987240913247,
                        57.78800823020395
                    ],
                    [
                        12.770942413629282,
                        57.78804626044247
                    ],
                    [
                        12.770898157495505,
                        57.78808448058419
                    ],
                    [
                        12.770854634573872,
                        57.7881229407918
                    ],
                    [
                        12.770811361416653,
                        57.78816148018502
                    ],
                    [
                        12.770768309350922,
                        57.78820008769783
                    ],
                    [
                        12.770725710886365,
                        57.78823882095175
                    ],
                    [
                        12.770683538006638,
                        57.78827770405476
                    ],
                    [
                        12.77064181795176,
                        57.788316687192925
                    ],
                    [
                        12.770600646764104,
                        57.788355762799426
                    ],
                    [
                        12.770559877927951,
                        57.78839496585613
                    ],
                    [
                        12.770519851320111,
                        57.78843439158376
                    ],
                    [
                        12.770480395190567,
                        57.788473985374885
                    ],
                    [
                        12.770441414156034,
                        57.78851371792745
                    ],
                    [
                        12.770402894861446,
                        57.78855358370314
                    ],
                    [
                        12.7703646089169,
                        57.788593518907994
                    ],
                    [
                        12.770326952365489,
                        57.78863362749818
                    ],
                    [
                        12.770289557324581,
                        57.78867380449155
                    ],
                    [
                        12.770252671456252,
                        57.7887141139615
                    ],
                    [
                        12.770216238680982,
                        57.788754539156145
                    ],
                    [
                        12.77018030923323,
                        57.788795090993325
                    ],
                    [
                        12.770144912470043,
                        57.78883577458626
                    ],
                    [
                        12.770109898110462,
                        57.788876551216234
                    ],
                    [
                        12.770075637519547,
                        57.788917509960235
                    ],
                    [
                        12.770041882649357,
                        57.7889585876184
                    ],
                    [
                        12.770008438232265,
                        57.788999736843
                    ],
                    [
                        12.769975119907704,
                        57.789040915890226
                    ],
                    [
                        12.76994267822644,
                        57.789082294069466
                    ],
                    [
                        12.769910581991118,
                        57.78912375528341
                    ],
                    [
                        12.769878812702261,
                        57.7891652992957
                    ],
                    [
                        12.769847406087312,
                        57.7892069329199
                    ],
                    [
                        12.769816179598463,
                        57.78924860725316
                    ],
                    [
                        12.769785987327676,
                        57.7892904915747
                    ],
                    [
                        12.769755753923295,
                        57.78933235865979
                    ],
                    [
                        12.76972561649406,
                        57.7893742530806
                    ],
                    [
                        12.769696109254747,
                        57.789416295463425
                    ],
                    [
                        12.769666828260963,
                        57.78945840126653
                    ],
                    [
                        12.769637489089561,
                        57.78950050162289
                    ],
                    [
                        12.769608379102104,
                        57.789542651076594
                    ],
                    [
                        12.769579083106368,
                        57.7895847673486
                    ],
                    [
                        12.769549890329714,
                        57.7896269056941
                    ],
                    [
                        12.769520988763675,
                        57.78966910244765
                    ],
                    [
                        12.769491727422887,
                        57.789711229141375
                    ],
                    [
                        12.769462498032013,
                        57.78975336465171
                    ],
                    [
                        12.769433700931518,
                        57.789795590116675
                    ],
                    [
                        12.769404413886672,
                        57.7898377245434
                    ],
                    [
                        12.769375199712343,
                        57.789879879277166
                    ],
                    [
                        12.769345952084887,
                        57.78992203879852
                    ],
                    [
                        12.769316657266996,
                        57.78996421687425
                    ],
                    [
                        12.769286146947968,
                        57.79000617566493
                    ],
                    [
                        12.769255493742438,
                        57.790048128394496
                    ],
                    [
                        12.769224034348513,
                        57.79008993625272
                    ],
                    [
                        12.769192074463016,
                        57.79013164442804
                    ],
                    [
                        12.769159109379357,
                        57.79017313097768
                    ],
                    [
                        12.769125082593236,
                        57.79021437317686
                    ],
                    [
                        12.76909042493878,
                        57.790255465706124
                    ],
                    [
                        12.76905508452627,
                        57.7902964038535
                    ],
                    [
                        12.769018412783282,
                        57.790337025430155
                    ],
                    [
                        12.76898075108172,
                        57.79037740579056
                    ],
                    [
                        12.768942288444094,
                        57.790417594425875
                    ],
                    [
                        12.76890223242696,
                        57.790457359534095
                    ],
                    [
                        12.768860772349672,
                        57.79049672824535
                    ],
                    [
                        12.76881795529241,
                        57.790535695212306
                    ],
                    [
                        12.768773747679909,
                        57.79057421624685
                    ],
                    [
                        12.768727923711358,
                        57.790612161581535
                    ],
                    [
                        12.768681357074692,
                        57.79064981554232
                    ],
                    [
                        12.768633725722616,
                        57.79068706763296
                    ],
                    [
                        12.768584648154553,
                        57.790723793050496
                    ],
                    [
                        12.76853502579568,
                        57.79076032308573
                    ],
                    [
                        12.768483974089264,
                        57.79079630427944
                    ],
                    [
                        12.768432020651643,
                        57.79083192302553
                    ],
                    [
                        12.768378870560248,
                        57.79086704047761
                    ],
                    [
                        12.768324765438436,
                        57.79090174454039
                    ],
                    [
                        12.768269153504278,
                        57.79093576146685
                    ],
                    [
                        12.768212413683681,
                        57.79096923899234
                    ],
                    [
                        12.768154849525981,
                        57.79100230102278
                    ],
                    [
                        12.768096291202179,
                        57.79103484007413
                    ],
                    [
                        12.768036920823278,
                        57.791066867278154
                    ],
                    [
                        12.767976705364909,
                        57.791098253558395
                    ],
                    [
                        12.767915932225362,
                        57.791129333552114
                    ],
                    [
                        12.767853756953146,
                        57.79115976664574
                    ],
                    [
                        12.767790407104497,
                        57.79118973542888
                    ],
                    [
                        12.767726056126463,
                        57.791219088936565
                    ],
                    [
                        12.767660521183133,
                        57.791247680189926
                    ],
                    [
                        12.767593875460957,
                        57.791275480944186
                    ],
                    [
                        12.767526435662468,
                        57.791302671901555
                    ],
                    [
                        12.767458182846141,
                        57.791329223182
                    ],
                    [
                        12.76738987658773,
                        57.79135574474196
                    ],
                    [
                        12.767320652723994,
                        57.79138161062102
                    ],
                    [
                        12.76725099991972,
                        57.79140718765282
                    ],
                    [
                        12.767180324196133,
                        57.79143198444343
                    ],
                    [
                        12.767108341135897,
                        57.79145570817166
                    ],
                    [
                        12.767035722628238,
                        57.79147885882315
                    ],
                    [
                        12.76696224177138,
                        57.79150118256025
                    ],
                    [
                        12.76688860151115,
                        57.79152332562945
                    ],
                    [
                        12.766813736225934,
                        57.79154426905142
                    ],
                    [
                        12.76673899925709,
                        57.79156538062029
                    ],
                    [
                        12.766663237407435,
                        57.791585464890176
                    ],
                    [
                        12.76658661013989,
                        57.79160462875888
                    ],
                    [
                        12.766509096553843,
                        57.7916227198198
                    ],
                    [
                        12.766431127285731,
                        57.791640188624925
                    ],
                    [
                        12.766352780222352,
                        57.791657118511225
                    ],
                    [
                        12.766274128071599,
                        57.79167363089832
                    ],
                    [
                        12.766194895267404,
                        57.79168933323462
                    ],
                    [
                        12.76611531062078,
                        57.791704527745125
                    ],
                    [
                        12.766035074694614,
                        57.79171871649306
                    ],
                    [
                        12.765954696277882,
                        57.791732694352405
                    ],
                    [
                        12.765873534121924,
                        57.79174532458464
                    ],
                    [
                        12.76579217542967,
                        57.7917575867762
                    ],
                    [
                        12.76571041622678,
                        57.79176907723525
                    ],
                    [
                        12.765628287108695,
                        57.791779799524186
                    ],
                    [
                        12.765545925724513,
                        57.7917900162873
                    ],
                    [
                        12.765463185961123,
                        57.791799336462745
                    ],
                    [
                        12.765380158206522,
                        57.79180790882884
                    ],
                    [
                        12.765296847189013,
                        57.791815664736454
                    ],
                    [
                        12.765213191867904,
                        57.791822250516105
                    ],
                    [
                        12.765129456774646,
                        57.791828484727034
                    ],
                    [
                        12.765045528885265,
                        57.79183390610628
                    ],
                    [
                        12.764961491299143,
                        57.79183880609693
                    ],
                    [
                        12.764877259198464,
                        57.791842629388135
                    ],
                    [
                        12.764792967785574,
                        57.791846060900866
                    ],
                    [
                        12.764708566049377,
                        57.79184863827791
                    ],
                    [
                        12.76462410143674,
                        57.79185054956172
                    ],
                    [
                        12.76453957831984,
                        57.791851302561355
                    ],
                    [
                        12.764455056018605,
                        57.79185144173099
                    ],
                    [
                        12.764370544773117,
                        57.79185099534169
                    ],
                    [
                        12.764286054777054,
                        57.791849912916355
                    ],
                    [
                        12.764201596472589,
                        57.79184822917389
                    ],
                    [
                        12.76411756032787,
                        57.79184553216098
                    ],
                    [
                        12.764033623036473,
                        57.791842270412005
                    ],
                    [
                        12.763949890671505,
                        57.791837758234735
                    ],
                    [
                        12.763866279157645,
                        57.79183246059031
                    ],
                    [
                        12.763782524020357,
                        57.79182678365757
                    ],
                    [
                        12.76369896217939,
                        57.79182020023812
                    ],
                    [
                        12.76361544822577,
                        57.79181327973845
                    ],
                    [
                        12.763532097554085,
                        57.79180566169836
                    ],
                    [
                        12.763448983827349,
                        57.79179721240923
                    ],
                    [
                        12.763366151620806,
                        57.79178802556912
                    ],
                    [
                        12.763283885712408,
                        57.79177754417472
                    ],
                    [
                        12.763202014879584,
                        57.79176628025398
                    ],
                    [
                        12.76312030372866,
                        57.79175474839738
                    ],
                    [
                        12.763038985340893,
                        57.79174244606461
                    ],
                    [
                        12.762958079055442,
                        57.79172936733432
                    ],
                    [
                        12.762877467214263,
                        57.79171575469964
                    ],
                    [
                        12.762797270377972,
                        57.79170142518566
                    ],
                    [
                        12.762717793056053,
                        57.791685999436275
                    ],
                    [
                        12.762638862035107,
                        57.79166983006478
                    ],
                    [
                        12.762560361857933,
                        57.791653103265986
                    ],
                    [
                        12.76248219484691,
                        57.7916359605211
                    ],
                    [
                        12.762404714695778,
                        57.79161795446981
                    ],
                    [
                        12.762327712476534,
                        57.79159934516484
                    ],
                    [
                        12.76225116377439,
                        57.79158018087218
                    ],
                    [
                        12.76217534532898,
                        57.79156017350395
                    ],
                    [
                        12.76210024201112,
                        57.7915394090606
                    ],
                    [
                        12.762025607117534,
                        57.79151818222351
                    ],
                    [
                        12.761952197687377,
                        57.791495789990755
                    ],
                    [
                        12.7618791336809,
                        57.79147309984544
                    ],
                    [
                        12.761806506975052,
                        57.79145000822652
                    ],
                    [
                        12.76173474475167,
                        57.7914261512249
                    ],
                    [
                        12.761663718653915,
                        57.791401645393066
                    ],
                    [
                        12.76159379971293,
                        57.79137621970792
                    ],
                    [
                        12.761524826450398,
                        57.79135008750846
                    ],
                    [
                        12.761456339807108,
                        57.7913236434581
                    ],
                    [
                        12.76138869299625,
                        57.79129662767259
                    ],
                    [
                        12.76132200058023,
                        57.79126890549385
                    ],
                    [
                        12.761255709484455,
                        57.791240855699854
                    ],
                    [
                        12.761190526080531,
                        57.79121205804936
                    ],
                    [
                        12.76112739441517,
                        57.79118200619629
                    ],
                    [
                        12.7610644680079,
                        57.79115190799362
                    ],
                    [
                        12.76100237965744,
                        57.79112131276291
                    ],
                    [
                        12.760941018109898,
                        57.79109029692679
                    ],
                    [
                        12.760880559428267,
                        57.79105877916693
                    ],
                    [
                        12.760820925812993,
                        57.79102681784613
                    ],
                    [
                        12.760762456446457,
                        57.79099425508445
                    ],
                    [
                        12.760704768832264,
                        57.790961304426204
                    ],
                    [
                        12.760647993232743,
                        57.790927910113325
                    ],
                    [
                        12.76059184831621,
                        57.79089421320058
                    ],
                    [
                        12.760536751181538,
                        57.79086002618981
                    ],
                    [
                        12.760482708870885,
                        57.79082536340702
                    ],
                    [
                        12.760429381149562,
                        57.790790387175385
                    ],
                    [
                        12.760377312125083,
                        57.79075487556178
                    ],
                    [
                        12.760325838188225,
                        57.79071911896039
                    ],
                    [
                        12.760275481603543,
                        57.79068291189888
                    ],
                    [
                        12.76022585645425,
                        57.79064641800924
                    ],
                    [
                        12.760177203939435,
                        57.79060955103201
                    ],
                    [
                        12.760129484774936,
                        57.79057233607226
                    ],
                    [
                        12.760082771625592,
                        57.79053475725546
                    ],
                    [
                        12.76003706507595,
                        57.790496826165445
                    ],
                    [
                        12.759992538481464,
                        57.79045849750998
                    ],
                    [
                        12.759949425253845,
                        57.79041971351104
                    ],
                    [
                        12.759906841881241,
                        57.790380770112534
                    ],
                    [
                        12.759865261870075,
                        57.790341522597174
                    ],
                    [
                        12.759824459277509,
                        57.79030204519567
                    ],
                    [
                        12.759785042660601,
                        57.79026216994617
                    ],
                    [
                        12.759746282759604,
                        57.7902221141677
                    ],
                    [
                        12.759708060832892,
                        57.79018190690237
                    ],
                    [
                        12.759671071359856,
                        57.790141367733995
                    ],
                    [
                        12.75963515430922,
                        57.7901005506778
                    ],
                    [
                        12.759600486709427,
                        57.7900594256682
                    ],
                    [
                        12.759567187928344,
                        57.790017980501496
                    ],
                    [
                        12.75953473050769,
                        57.78997634825659
                    ],
                    [
                        12.759502903240058,
                        57.789934577201336
                    ],
                    [
                        12.759472238031847,
                        57.789892557613165
                    ],
                    [
                        12.759442590686746,
                        57.78985032887995
                    ],
                    [
                        12.759414156165885,
                        57.789807861912614
                    ],
                    [
                        12.759386976458345,
                        57.7897651610253
                    ],
                    [
                        12.759360852442672,
                        57.789722273000216
                    ],
                    [
                        12.759335802146817,
                        57.78967920246799
                    ],
                    [
                        12.759311442521712,
                        57.7896360160378
                    ],
                    [
                        12.759288733540423,
                        57.78959257191324
                    ],
                    [
                        12.759267008903,
                        57.78954898395025
                    ],
                    [
                        12.759246353180083,
                        57.78950524875766
                    ],
                    [
                        12.759226839811271,
                        57.78946136611754
                    ],
                    [
                        12.759208874757409,
                        57.78941729830436
                    ],
                    [
                        12.75919151947676,
                        57.78937316459083
                    ],
                    [
                        12.759175175467234,
                        57.789328921746595
                    ],
                    [
                        12.759160042926611,
                        57.78928455694319
                    ],
                    [
                        12.759146268206248,
                        57.789240068079565
                    ],
                    [
                        12.759133493273326,
                        57.78919549671037
                    ],
                    [
                        12.75912140669761,
                        57.789150870125425
                    ],
                    [
                        12.75911116448698,
                        57.789106112632545
                    ],
                    [
                        12.75910155252349,
                        57.78906131764738
                    ],
                    [
                        12.75909280770865,
                        57.78901646800801
                    ],
                    [
                        12.759085397925654,
                        57.78897154534686
                    ],
                    [
                        12.759079587150662,
                        57.78892655260018
                    ],
                    [
                        12.759073964140768,
                        57.788881550992826
                    ],
                    [
                        12.759069450784217,
                        57.7888365085175
                    ],
                    [
                        12.759067208571654,
                        57.78879141652567
                    ],
                    [
                        12.759065520572404,
                        57.78874632027497
                    ],
                    [
                        12.75906546969063,
                        57.78870121580007
                    ],
                    [
                        12.759066074924068,
                        57.78865611439494
                    ],
                    [
                        12.759068226185626,
                        57.788611027854174
                    ],
                    [
                        12.759071875569742,
                        57.788565972181544
                    ],
                    [
                        12.759075846441945,
                        57.78852092732815
                    ],
                    [
                        12.759081409600517,
                        57.7884759318172
                    ],
                    [
                        12.759087670341152,
                        57.78843096284223
                    ],
                    [
                        12.759095555707775,
                        57.78838606632867
                    ],
                    [
                        12.759104293042437,
                        57.78834121489172
                    ],
                    [
                        12.759113811221509,
                        57.78829640515879
                    ],
                    [
                        12.759124809885002,
                        57.78825168896557
                    ],
                    [
                        12.759136938817653,
                        57.788207053757574
                    ],
                    [
                        12.759150631665099,
                        57.788162551211286
                    ],
                    [
                        12.75916561722988,
                        57.78811817578001
                    ],
                    [
                        12.759180951171423,
                        57.78807384013438
                    ],
                    [
                        12.75919692554129,
                        57.78802956093983
                    ],
                    [
                        12.759214154405965,
                        57.787985407459054
                    ],
                    [
                        12.759233879885265,
                        57.787941548530554
                    ],
                    [
                        12.759254023922969,
                        57.787897750502005
                    ],
                    [
                        12.759275249328287,
                        57.787854100071485
                    ],
                    [
                        12.759297039019536,
                        57.7878105270558
                    ],
                    [
                        12.759321196485946,
                        57.78776731013565
                    ],
                    [
                        12.759345214396612,
                        57.78772407263489
                    ],
                    [
                        12.759370688837127,
                        57.787681071267905
                    ],
                    [
                        12.759397475578783,
                        57.787638300976305
                    ],
                    [
                        12.75942563722643,
                        57.78759578807032
                    ],
                    [
                        12.759453958602334,
                        57.787553307628706
                    ],
                    [
                        12.759484686566237,
                        57.787511309866694
                    ],
                    [
                        12.759514995315838,
                        57.78746922866038
                    ],
                    [
                        12.759546274072372,
                        57.787427346066565
                    ],
                    [
                        12.75957932926544,
                        57.78738585453777
                    ],
                    [
                        12.75961319863215,
                        57.787344552126555
                    ],
                    [
                        12.759648359912108,
                        57.78730356288936
                    ],
                    [
                        12.759683943817878,
                        57.787262682287015
                    ],
                    [
                        12.759720508631002,
                        57.787222052187865
                    ],
                    [
                        12.75975782893971,
                        57.787181622020384
                    ],
                    [
                        12.759796443163093,
                        57.78714155244367
                    ],
                    [
                        12.759835608880007,
                        57.7871016508155
                    ],
                    [
                        12.759875454871375,
                        57.787061955504576
                    ],
                    [
                        12.75991609058063,
                        57.78702250337276
                    ],
                    [
                        12.759956893713955,
                        57.78698310559935
                    ],
                    [
                        12.759998359109481,
                        57.786943907121845
                    ],
                    [
                        12.76004035945034,
                        57.78690487321918
                    ],
                    [
                        12.760082911241776,
                        57.78686601802423
                    ],
                    [
                        12.760125736052737,
                        57.78682726649186
                    ],
                    [
                        12.760168625945008,
                        57.78678855227171
                    ],
                    [
                        12.760212169925046,
                        57.786750065644846
                    ],
                    [
                        12.760255710757454,
                        57.78671158929788
                    ],
                    [
                        12.76029930296897,
                        57.78667313144181
                    ],
                    [
                        12.7603429839603,
                        57.78663470399919
                    ],
                    [
                        12.760387140339,
                        57.78659643336867
                    ],
                    [
                        12.760431330596163,
                        57.78655817580958
                    ],
                    [
                        12.760475426477816,
                        57.78651989006853
                    ],
                    [
                        12.7605196495283,
                        57.786481652049225
                    ],
                    [
                        12.76056391549661,
                        57.78644343428538
                    ],
                    [
                        12.760608085236676,
                        57.78640519091226
                    ],
                    [
                        12.760652222373693,
                        57.78636694274024
                    ],
                    [
                        12.760696325546048,
                        57.78632868846934
                    ],
                    [
                        12.76074036893234,
                        57.78629041951039
                    ],
                    [
                        12.760784576082166,
                        57.78625219009755
                    ],
                    [
                        12.7608285785296,
                        57.786213890642365
                    ],
                    [
                        12.760872719167518,
                        57.786175636584034
                    ],
                    [
                        12.760916930326545,
                        57.786137405748626
                    ],
                    [
                        12.76096101563735,
                        57.78609913349372
                    ],
                    [
                        12.761005163791202,
                        57.78606088192409
                    ],
                    [
                        12.761049370209136,
                        57.78602264954092
                    ],
                    [
                        12.76109344095731,
                        57.78598437250195
                    ],
                    [
                        12.761137523320693,
                        57.78594609930069
                    ],
                    [
                        12.761181483767611,
                        57.78590778605302
                    ],
                    [
                        12.761225637527495,
                        57.78586953936352
                    ],
                    [
                        12.761269642818002,
                        57.78583124513898
                    ],
                    [
                        12.761313640655258,
                        57.7857929478893
                    ],
                    [
                        12.761357769377781,
                        57.78575469296397
                    ],
                    [
                        12.761401803335753,
                        57.785716406351035
                    ],
                    [
                        12.761445946441848,
                        57.7856781548964
                    ],
                    [
                        12.761489913982295,
                        57.78563984531785
                    ],
                    [
                        12.761533747335532,
                        57.78560149119643
                    ],
                    [
                        12.761578062525178,
                        57.78556329432446
                    ],
                    [
                        12.761621981777697,
                        57.785524967172336
                    ],
                    [
                        12.761666029853124,
                        57.78548668164482
                    ],
                    [
                        12.761710201138552,
                        57.785448435933006
                    ],
                    [
                        12.76175411433116,
                        57.78541010505744
                    ],
                    [
                        12.761797994811822,
                        57.7853717628438
                    ],
                    [
                        12.761841846667991,
                        57.78533341059696
                    ],
                    [
                        12.76188609221864,
                        57.785295187626026
                    ],
                    [
                        12.761930101241491,
                        57.78525688777344
                    ],
                    [
                        12.761974194533863,
                        57.78521861638848
                    ],
                    [
                        12.762018393759098,
                        57.78518038061852
                    ],
                    [
                        12.762062179129941,
                        57.785142009567515
                    ],
                    [
                        12.762106195500492,
                        57.7851037152605
                    ],
                    [
                        12.762150421529135,
                        57.78506549068515
                    ],
                    [
                        12.762194556338779,
                        57.78502723691285
                    ],
                    [
                        12.762238498811822,
                        57.78498892074474
                    ],
                    [
                        12.762282843177111,
                        57.78495073737113
                    ],
                    [
                        12.762326897190235,
                        57.78491245940951
                    ],
                    [
                        12.76237070670655,
                        57.78487410207147
                    ],
                    [
                        12.762414769806853,
                        57.78483582871071
                    ],
                    [
                        12.762458907749075,
                        57.78479758058431
                    ],
                    [
                        12.76250295155895,
                        57.784759300245874
                    ],
                    [
                        12.762546722028539,
                        57.78472092533556
                    ],
                    [
                        12.76259078830107,
                        57.78468264726889
                    ],
                    [
                        12.76263497677592,
                        57.78464440974428
                    ],
                    [
                        12.76267889701466,
                        57.784606084579266
                    ],
                    [
                        12.762723219645075,
                        57.784567891715206
                    ],
                    [
                        12.762767146558648,
                        57.78452956857447
                    ],
                    [
                        12.762811378743791,
                        57.78449134576076
                    ],
                    [
                        12.762855571914635,
                        57.78445311002297
                    ],
                    [
                        12.762899807831172,
                        57.7844148882414
                    ],
                    [
                        12.762943888078874,
                        57.7843766151696
                    ],
                    [
                        12.762987982800656,
                        57.784338346765985
                    ],
                    [
                        12.763033067382414,
                        57.78430040380251
                    ],
                    [
                        12.763076276956271,
                        57.78426184411832
                    ],
                    [
                        12.76312066848461,
                        57.78422367305345
                    ],
                    [
                        12.763164256583991,
                        57.78418523765524
                    ],
                    [
                        12.763208416662238,
                        57.78414699028122
                    ],
                    [
                        12.763252905195689,
                        57.784108850970945
                    ],
                    [
                        12.763296544786778,
                        57.78407043273466
                    ],
                    [
                        12.763340696242407,
                        57.78403218323086
                    ],
                    [
                        12.763384543643053,
                        57.78399383407041
                    ],
                    [
                        12.763428790514752,
                        57.78395561666366
                    ],
                    [
                        12.76347264147169,
                        57.78391726941852
                    ],
                    [
                        12.763516709276631,
                        57.783878993854536
                    ],
                    [
                        12.763561046983886,
                        57.78384080735327
                    ],
                    [
                        12.76360518520187,
                        57.783802555618415
                    ],
                    [
                        12.763648989777,
                        57.783764194658765
                    ],
                    [
                        12.763692807125386,
                        57.78372583832328
                    ],
                    [
                        12.763737113050723,
                        57.7836876427023
                    ],
                    [
                        12.763780968404449,
                        57.78364929961327
                    ]
                ]
            },
            "properties": {}
        },
        {
            "type": "Feature",
            "id": "Goal",
            "geometry": {
                "type": "Point",
                "coordinates": [
                    12.763780968404449,
                    57.78364929961327
                ]
            },
            "properties": {}
        }
    ]
}
